{
  "$schema": "https://schema.management.azure.com/schemas/2015-01-01/deploymentTemplate.json#",
  "contentVersion": "1.0.0.0",
  "parameters": {
    "adminUsername": { "type": "string" },
    "adminPassword": { "type": "securestring" },
    "_artifactsLocation": {
      "type": "string",
      "metadata": {
        "description": "The base URI where artifacts required by this template are located. When the template is deployed using the accompanying scripts, a private location in the subscription will be used and this value will be automatically generated."
      },
      "defaultValue": "https://raw.githubusercontent.com/sankara7/TFS_Repo/ARM_Branch"
    },
  "_artifactsLocationSasToken": {
    "type": "securestring",
    "metadata": {
      "description": "The sasToken required to access _artifactsLocation."
    },
    "defaultValue": ""
  }
},
  "variables": {
    "vnetID": "[resourceId('Microsoft.Network/virtualNetworks','myVNet')]", 
    "subnetRef": "[concat(variables('vnetID'),'/subnets/mySubnet')]",
    "vmName": "myVM1",
    "scriptFolder": ".",
    "scriptFileName": "Install.ps1",
    "installAPMTemplateurl": "https://raw.githubusercontent.com/sankara7/TFS_Repo/ARM_Branch/installAPM.json"
  },
  "resources": [
    {
      "apiVersion": "2016-03-30",
      "type": "Microsoft.Network/publicIPAddresses",
      "name": "myPublicIPAddress",
      "location": "[resourceGroup().location]",
      "properties": {
        "publicIPAllocationMethod": "Dynamic",
        "dnsSettings": {
          "domainNameLabel": "dns3"
        }
      }
    },
    {
      "apiVersion": "2016-03-30",
      "type": "Microsoft.Network/virtualNetworks",
      "name": "myVNet",
      "location": "[resourceGroup().location]",
      "properties": {
        "addressSpace": { "addressPrefixes": [ "10.0.0.0/16" ] },
        "subnets": [
          {
            "name": "mySubnet",
            "properties": { "addressPrefix": "10.0.0.0/24" }
          }
        ]
      }
    },
    {
      "apiVersion": "2016-03-30",
      "type": "Microsoft.Network/networkInterfaces",
      "name": "myNic",
      "location": "[resourceGroup().location]",
      "dependsOn": [
        "[resourceId('Microsoft.Network/publicIPAddresses/', 'myPublicIPAddress')]",
        "[resourceId('Microsoft.Network/virtualNetworks/', 'myVNet')]"
      ],
      "properties": {
        "ipConfigurations": [
          {
            "name": "ipconfig1",
            "properties": {
              "privateIPAllocationMethod": "Dynamic",
              "publicIPAddress": { "id": "[resourceId('Microsoft.Network/publicIPAddresses','myPublicIPAddress')]" },
              "subnet": { "id": "[variables('subnetRef')]" }
            }
          }
        ]
      }
    },
    {
      "apiVersion": "2016-04-30-preview",
      "type": "Microsoft.Compute/virtualMachines",
      "name": "myVM1",
      "location": "[resourceGroup().location]",
      "dependsOn": [
        "[resourceId('Microsoft.Network/networkInterfaces/', 'myNic')]"
      ],
      "properties": {
        "hardwareProfile": { "vmSize": "Standard_D1_v2" },
        "osProfile": {
          "computerName": "myVM1",
          "adminUsername": "[parameters('adminUsername')]",
          "adminPassword": "[parameters('adminPassword')]"
        },
        "storageProfile": {
          "imageReference": {
            "publisher": "MicrosoftWindowsServer",
            "offer": "WindowsServer",
            "sku": "2012-R2-Datacenter",
            "version": "latest"
          },
          "osDisk": {
            "name": "myManagedOSDisk",
            "caching": "ReadWrite",
            "createOption": "FromImage"
          }
        },
        "networkProfile": {
          "networkInterfaces": [
            {
              "id": "[resourceId('Microsoft.Network/networkInterfaces','myNic')]"
            }
          ]
        }
      },
      "resources": [
        {
            "type": "extensions",
            "name": "InstallAPM",
            "apiVersion": "2015-06-15",
            "location": "[resourceGroup().location]",
            "dependsOn": ["myVM1"],       
            "properties": {
                "publisher": "Microsoft.Compute",
                "type": "CustomScriptExtension",
                "typeHandlerVersion": "1.4",
                "autoUpgradeMinorVersion": true,
                "forceUpdateTag": "2.0",
                "settings": {
                    "fileUris": [
                        "[concat(parameters('_artifactsLocation'), '/', variables('ScriptFileName'), parameters('_artifactsLocationSasToken'))]"
                    ],
                    "commandToExecute": "[concat('powershell -ExecutionPolicy Unrestricted -File ', variables('scriptFileName'))]"
                }
            }
        }
    ]
    }
  ]
}