{
  "$schema": "https://schema.management.azure.com/schemas/2015-01-01/deploymentTemplate.json#",
  "contentVersion": "1.0.0.0",
  "parameters": {
    "vmName": {
      "type": "string"
    }
  },
  "resources": [
    {
      "type": "Microsoft.Compute/virtualMachines/extensions",
      "name": "[concat(parameters('vmName'),'/configuremongo')]",
      "apiVersion": "2015-05-01-preview",
      "location": "[resourceGroup().location]",
      "properties": {
        "publisher": "Microsoft.Azure.Extensions",
        "type": "CustomScript",
        "typeHandlerVersion": "2.0",
        "autoUpgradeMinorVersion": true,
        "settings": {
          "fileUris": [
            "https://raw.githubusercontent.com/Azure/azure-quickstart-templates/master/201-dependency-between-scripts-using-extensions/mongo-install-ubuntu.sh"
          ],
          "commandToExecute": "sh mongo-install-ubuntu.sh"
        }
      }
    }
  ]
}