{
  "$schema": "https://schema.management.azure.com/schemas/2015-01-01/deploymentTemplate.json#",
  "contentVersion": "1.0.0.0",
  "parameters": {
    "adminUsername": {
      "type": "string",
      "metadata": {
        "description": "Username for the Virtual Machine."
      }
    },
    "adminPassword": {
      "type": "securestring",
      "metadata": {
        "description": "Password for the Virtual Machine."
      }
    },
    "_artifactsLocation": {
        "type": "string",
        "metadata": {
          "description": "The base URI where artifacts required by this template are located. When the template is deployed using the accompanying scripts, a private location in the subscription will be used and this value will be automatically generated."
        },
        "defaultValue": "https://raw.githubusercontent.com/sankara7/TFS_Repo/ARM_Branch"
      },
      "_artifactsLocationSasToken": {
        "type": "securestring",
        "metadata": {
          "description": "The sasToken required to access _artifactsLocation."
        },
        "defaultValue": ""
      },
    "dnsLabelPrefix": {
      "type": "string",
      "metadata": {
        "description": "Unique DNS Name for the Public IP used to access the Virtual Machine."
      }
    },
    "windowsOSVersion": {
      "type": "string",
      "defaultValue": "2008-R2-SP1",
      "allowedValues": [
        "2008-R2-SP1",
        "2012-Datacenter",
        "2012-R2-Datacenter"
      ],
      "metadata": {
        "description": "The Windows version for the VM. This will pick a fully patched image of this given Windows version. Allowed values: 2008-R2-SP1, 2012-Datacenter, 2012-R2-Datacenter."
      }
    },
    "vmName": {
      "type": "string",
      "defaultValue": "APMVM1",
      "metadata": {
        "description": "The name for the VM."
      }
    },
    "nicName": {
      "type": "string",
      "defaultValue": "myVMNic",
      "metadata": {
        "description": "The name for the VM's NIC."
      }
    },
    "virtualNetworkName": {
      "type": "string",
      "defaultValue": "MyVNET",
      "metadata": {
        "description": "The name for the VM's VNET."
      }
    },
    "publicIPAddressName": {
      "type": "string",
      "defaultValue": "myPublicIP",
      "metadata": {
        "description": "The name for the VM's public IP."
      }
    },
    "subnetName": {
      "type": "string",
      "defaultValue": "Subnet",
      "metadata": {
        "description": "The name for the VM's Subnet."
      }
    }
  },
  "variables": {
    "imagePublisher": "MicrosoftWindowsServer",
    "imageOffer": "WindowsServer",
    "nicName": "[parameters('nicName')]",
    "addressPrefix": "10.0.0.0/16",
    "subnetName": "[parameters('subnetName')]",
    "subnetPrefix": "10.0.0.0/24",
    "publicIPAddressName": "[parameters('publicIPAddressName')]",
    "publicIPAddressType": "Dynamic",
    "vmName": "[parameters('vmName')]",
    "vmSize": "Standard_DS1",
    "virtualNetworkName": "[parameters('virtualNetworkName')]",
    "vnetID": "[resourceId('Microsoft.Network/virtualNetworks',variables('virtualNetworkName'))]",
    "subnetRef": "[concat(variables('vnetID'),'/subnets/',variables('subnetName'))]",
    "apiVersion": "2015-06-15",
    "hostDNSNameScriptArgument": "[concat('*.',resourceGroup().location,'.cloudapp.azure.com')]",
    "scriptFolder": ".",
    "scriptFileName": "Install.ps1"
  },
  "resources": [
    {
      "apiVersion": "2015-06-15",
      "type": "Microsoft.Network/publicIPAddresses",
      "name": "[variables('publicIPAddressName')]",
      "location": "[resourceGroup().location]",
      "properties": {
        "publicIPAllocationMethod": "[variables('publicIPAddressType')]",
        "dnsSettings": {
          "domainNameLabel": "[parameters('dnsLabelPrefix')]"
        }
      }
    },
    {
      "apiVersion": "2015-06-15",
      "type": "Microsoft.Network/virtualNetworks",
      "name": "[variables('virtualNetworkName')]",
      "location": "[resourceGroup().location]",
      "properties": {
        "addressSpace": {
          "addressPrefixes": [
            "[variables('addressPrefix')]"
          ]
        },
        "subnets": [
          {
            "name": "[variables('subnetName')]",
            "properties": {
              "addressPrefix": "[variables('subnetPrefix')]"
            }
          }
        ]
      }
    },
    {
      "apiVersion": "2015-06-15",
      "type": "Microsoft.Network/networkInterfaces",
      "name": "[variables('nicName')]",
      "location": "[resourceGroup().location]",
      "dependsOn": [
        "[concat('Microsoft.Network/publicIPAddresses/', variables('publicIPAddressName'))]",
        "[concat('Microsoft.Network/virtualNetworks/', variables('virtualNetworkName'))]"
      ],
      "properties": {
        "ipConfigurations": [
          {
            "name": "ipconfig1",
            "properties": {
              "privateIPAllocationMethod": "Dynamic",
              "publicIPAddress": {
                "id": "[resourceId('Microsoft.Network/publicIPAddresses',variables('publicIPAddressName'))]"
              },
              "subnet": {
                "id": "[variables('subnetRef')]"
              }
            }
          }
        ]
      }
    },
    {
      "apiVersion": "2016-04-30-preview",
      "type": "Microsoft.Compute/virtualMachines",
      "name": "[variables('vmName')]",
      "location": "[resourceGroup().location]",
      "dependsOn": [
        "[concat('Microsoft.Network/networkInterfaces/', variables('nicName'))]"
      ],
      "properties": {
        "hardwareProfile": {
          "vmSize": "[variables('vmSize')]"
        },
        "osProfile": {
          "computerName": "[variables('vmName')]",
          "adminUsername": "[parameters('adminUsername')]",
          "adminPassword": "[parameters('adminPassword')]"
        },
        "storageProfile": {
          "imageReference": {
            "publisher": "[variables('imagePublisher')]",
            "offer": "[variables('imageOffer')]",
            "sku": "[parameters('windowsOSVersion')]",
            "version": "latest"
          },
          "osDisk": {
            "createOption": "FromImage"
          }
        },
        "networkProfile": {
          "networkInterfaces": [
            {
              "id": "[resourceId('Microsoft.Network/networkInterfaces',variables('nicName'))]"
            }
          ]
        }
      },
      "resources": [
        {
            "type": "extensions",
            "name": "vmInitialScript",
            "apiVersion": "2015-06-15",
            "location": "[resourceGroup().location]",
            "dependsOn": ["[concat('Microsoft.Compute/virtualMachines/',variables('vmName'))]"],      
            "properties": {
                "publisher": "Microsoft.Compute",
                "type": "CustomScriptExtension",
                "typeHandlerVersion": "1.8",
                "autoUpgradeMinorVersion": true,
                "forceUpdateTag": "1.0",
                "settings": {
                    "fileUris": [
                        "[concat(parameters('_artifactsLocation'), '/', variables('ScriptFileName'), parameters('_artifactsLocationSasToken'))]"
                    ],
                    "commandToExecute": "[concat('powershell -ExecutionPolicy Unrestricted -File ', variables('scriptFileName'))]"
                }
            }
        }
      ]
    }
  ]
}