{
  "$schema": "http://schema.management.azure.com/schemas/2015-01-01/deploymentParameters.json#",
  "contentVersion": "1.0.0.0",
  "parameters": {        
      "adminUsername": {
          "value": "azureuser"
      },
      "adminPassword": {
          "value": "Azure12345678"
      },
      "dnsLabelPrefix": {
          "value": "dns3"
      },
      "vmName": {
          "value": "APMVM1"
      },
      "nicName": {
          "value": "myVMNic"
      },
      "virtualNetworkName": {
          "value": "MyVNET"
      },
      "publicIPAddressName": {
          "value": "myPublicIP"
      },
      "subnetName": {
          "value": "Subnet"
      }
 }
}