{
  "$schema": "https://schema.management.azure.com/schemas/2015-01-01/deploymentTemplate.json#",
  "contentVersion": "1.0.0.0",
  "parameters": {
   "adminUsername": {
            "type": "string",
            "metadata": {
               "description": "Username for the Virtual Machine."
            }
        },
        "adminPassword": {
            "type": "securestring",
            "metadata": {
                "description": "Password for the Virtual Machine."
            }
        },
        "dnsLabelPrefix": {
            "type": "string",
            "metadata": {
                  "description": "Unique DNS Name for the Public IP used to access the Virtual Machine."
            }
  },
   "variables": {
        "vmName": "MyWindowsVM",
        "apiVersion": "2015-06-15",
        "hostDNSNameScriptArgument": "[concat(parameters('dnsLabelPrefix'),'.',resourceGroup().location,'.cloudapp.azure.com')]"
   },
  "resources": [
    {
                    "type": "Microsoft.Compute/virtualMachines/extensions",
                    "name": "[concat(variables('vmName'),'/CustomScriptExtensionAPM')]",
                    "apiVersion": "[variables('apiVersion')]",
                    "location": "[resourceGroup().location]",
                    "dependsOn": [
                        "[concat('Microsoft.Compute/virtualMachines/', variables('vmName'))]"
                       
                    ],
                    "properties": {
                        "publisher": "Microsoft.Compute",
                        "type": "CustomScriptExtension",
                       "typeHandlerVersion": "1.4",
                       "autoUpgradeMinorVersion": true,
                       "forceUpdateTag": "1.0",
                       "settings": {
                           "fileUris": [ 
                                      "https://raw.githubusercontent.com/sankara7/TFS_Repo/ARM_Branch/Install.ps1"
                              ],
                           "commandToExecute": "[concat('powershell -ExecutionPolicy Unrestricted -file Install.ps1',variables('hostDNSNameScriptArgument'))]"
                       }
                   }
                }
  ]
}
}